CREATE DATABASE jsds_1nf;
USE jsds_1nf;

-- 1. Case_Related_UNF
CREATE TABLE Case_Related_UNF (
    Case_ID INT PRIMARY KEY,
    Case_Number VARCHAR(50),
    Filing_Date DATE,
    Case_Type VARCHAR(100),
    Status VARCHAR(50),
    Category_Names VARCHAR(255), -- e.g., "Criminal,Civil"
    Category_Descriptions TEXT,
    Verdict_Decisions VARCHAR(255),
    Verdict_Dates VARCHAR(255),
    Verdict_Remarks TEXT,
    Verdict_Penalties VARCHAR(255),
    Hearing_Dates VARCHAR(255),
    Hearing_Times VARCHAR(255),
    Hearing_Descriptions TEXT,
    Hearing_Outcomes VARCHAR(255),
    FIR_Dates VARCHAR(255),
    FIR_Details TEXT,
    FIR_Crime_Locations VARCHAR(255),
    Evidence_Types VARCHAR(255),
    Evidence_Descriptions TEXT,
    Evidence_Submission_Dates VARCHAR(255),
    Charge_Descriptions TEXT,
    Charge_Severity_Levels VARCHAR(255),
    Charge_Dates VARCHAR(255),
    Bail_Granted_Dates VARCHAR(255),
    Bail_Conditions TEXT,
    Bail_Amounts VARCHAR(255),
    Bail_Statuses VARCHAR(255),
    Settlement_Terms TEXT,
    Settlement_Dates VARCHAR(255),
    Settlement_Agreements_Signed VARCHAR(255),
    Case_History_Dates VARCHAR(255),
    Case_History_Status_Updates TEXT,
    Case_History_Notes TEXT,
    Appeal_Dates VARCHAR(255),
    Appeal_Reasons TEXT,
    Appeal_Statuses VARCHAR(255),
    Appeal_Levels VARCHAR(255)
);

-- 2. Court_Personnel_UNF
CREATE TABLE Court_Personnel_UNF (
    Court_ID INT,
    Person_ID INT,
    Court_Name VARCHAR(100),
    Court_Location VARCHAR(255),
    Jurisdiction_Level VARCHAR(50),
    Judge_Names VARCHAR(255),
    Judge_Designations VARCHAR(255),
    Judge_Experience_Years VARCHAR(255),
    Court_Staff_Names VARCHAR(255),
    Court_Staff_Roles VARCHAR(255),
    Court_Staff_Contacts VARCHAR(255),
    Court_Room_Numbers VARCHAR(255),
    Court_Room_Capacities VARCHAR(255),
    Court_Room_Availability_Statuses VARCHAR(255),
    Person_Names VARCHAR(255),
    Person_DOBs VARCHAR(255),
    Person_Contacts VARCHAR(255),
    Person_Addresses VARCHAR(255),
    Person_National_IDs VARCHAR(255),
    Lawyer_Names VARCHAR(255),
    Lawyer_Contacts VARCHAR(255),
    Lawyer_Specializations VARCHAR(255),
    Lawyer_Bar_Numbers VARCHAR(255),
    Lawyer_Experience_Years VARCHAR(255),
    Police_Station_Names VARCHAR(255),
    Police_Station_Locations VARCHAR(255),
    Police_Station_Codes VARCHAR(255),
    Police_Station_Contacts VARCHAR(255),
    Police_Officer_Badge_Numbers VARCHAR(255),
    Police_Officer_Ranks VARCHAR(255),
    Police_Officer_Departments VARCHAR(255),
    Petitioner_Filing_Dates VARCHAR(255),
    Petitioner_Legal_Rep_Names VARCHAR(255),
    Respondent_Response_Dates VARCHAR(255),
    Respondent_Legal_Rep_Names VARCHAR(255),
    Witness_Testimony_Dates VARCHAR(255),
    Witness_Types VARCHAR(255),
    PRIMARY KEY (Court_ID, Person_ID)
);

-- 3. Legal_Procedural_UNF
CREATE TABLE Legal_Procedural_UNF (
    Act_ID INT,
    Case_ID INT,
    Act_Name VARCHAR(255),
    Section VARCHAR(100),
    Act_Description TEXT,
    Enactment_Year INT,
    Case_Numbers VARCHAR(255),
    PRIMARY KEY (Act_ID, Case_ID)
);

-- Inserts for Case_Related_UNF (first 10 rows)
INSERT INTO Case_Related_UNF (
    Case_ID, Case_Number, Filing_Date, Case_Type, Status, 
    Category_Names, Category_Descriptions,
    Verdict_Decisions, Verdict_Dates, Verdict_Remarks, Verdict_Penalties,
    Hearing_Dates, Hearing_Times, Hearing_Descriptions, Hearing_Outcomes,
    FIR_Dates, FIR_Details, FIR_Crime_Locations,
    Evidence_Types, Evidence_Descriptions, Evidence_Submission_Dates,
    Charge_Descriptions, Charge_Severity_Levels, Charge_Dates,
    Bail_Granted_Dates, Bail_Conditions, Bail_Amounts, Bail_Statuses,
    Settlement_Terms, Settlement_Dates, Settlement_Agreements_Signed,
    Case_History_Dates, Case_History_Status_Updates, Case_History_Notes,
    Appeal_Dates, Appeal_Reasons, Appeal_Statuses, Appeal_Levels
) VALUES
(1, 'C-2024-001', '2024-01-10', 'Criminal', 'Pending',
 'Criminal', 'Offenses against the law including theft, assault, and murder',
 'Guilty', '2024-03-20', 'Strong evidence presented.', '5000.00',
 '2023-01-10', '10:00:00', 'Initial hearing for case 1', 'Adjourned',
 '2023-01-01', 'Robbery reported by local shop owner.', 'Market Street, Delhi',
 'Document', 'Bank transaction records of the suspect.', '2023-01-02',
 'Accused of first-degree murder under IPC 302.', 'Felony', '2023-01-02',
 '2023-01-03', 'Report weekly to police station', '5000.00', 'Granted',
 'Both parties agreed to monetary compensation of $5,000.', '2023-01-05', 'TRUE',
 '2023-01-06', 'Case filed and registered.', 'Initial filing completed.',
 '2023-02-01', 'Disagreement with judgment.', 'Pending', 'High'),
(2, 'C-2024-002', '2024-01-15', 'Civil', 'Ongoing',
 'Civil', 'Disputes between individuals or organizations over rights and duties',
 'Not Guilty', '2024-03-25', 'Lack of evidence.', '0.00',
 '2023-01-15', '11:30:00', 'Preliminary statements', 'In Progress',
 '2023-01-03', 'Complaint filed for property damage.', 'Sector 10, Mumbai',
 'Digital', 'Security camera footage from store.', '2023-01-04',
 'Fraudulently obtained money under IPC 420.', 'Major', '2023-01-03',
 '2023-01-05', 'Travel restrictions applied', '10000.00', 'Granted',
 'Plaintiff will drop charges in exchange for public apology.', '2023-01-07', 'TRUE',
 '2023-01-08', 'Evidence submitted.', 'Digital footage provided.',
 '2023-02-03', 'New evidence discovered.', 'Granted', 'High'),
(3, 'C-2024-003', '2024-01-20', 'Family', 'Closed',
 'Family', 'Cases related to divorce, custody, and inheritance',
 'Dismissed', '2024-04-01', 'Jurisdiction issue.', '0.00',
 '2023-01-20', '09:45:00', 'Witness statements recorded', 'Completed',
 '2023-01-05', 'Domestic violence case registered.', 'MG Road, Bengaluru',
 'Physical', 'Broken glass with blood stains.', '2023-01-06',
 'Charged with rape under IPC 376.', 'Felony', '2023-01-04',
 '2023-01-07', 'Surrender passport', '15000.00', 'Granted',
 'Defendant will vacate disputed land within 30 days.', '2023-01-09', 'TRUE',
 '2023-01-10', 'First hearing held.', 'Judge requested additional info.',
 '2023-02-05', 'Ineffective counsel.', 'Dismissed', 'District'),
(4, 'C-2024-004', '2024-02-01', 'Criminal', 'Pending',
 'Corporate', 'Legal issues involving businesses or corporations',
 'Guilty', '2024-04-05', 'Confession recorded.', '7000.00',
 '2023-01-25', '12:00:00', 'Cross examination begins', 'Adjourned',
 '2023-01-07', 'Cyber fraud complaint lodged.', 'Salt Lake, Kolkata',
 'Digital', 'Chat logs indicating fraud.', '2023-01-08',
 'Attempted to kill the victim under IPC 307.', 'Major', '2023-01-05',
 '2023-01-09', 'No contact with victim', '12000.00', 'Granted',
 'Company to reinstate employee with back pay.', '2023-01-11', 'TRUE',
 '2023-01-12', 'Witness statement recorded.', 'Cross-examination scheduled.',
 '2023-02-07', 'Unfair trial proceedings.', 'Pending', 'Supreme'),
(5, 'C-2024-005', '2024-02-10', 'Civil', 'Appealed',
 'Labor', 'Disputes involving workers and employers',
 'Not Guilty', '2024-04-10', 'Defendant cleared.', '0.00',
 '2023-01-30', '10:15:00', 'Evidence submitted', 'Completed',
 '2023-01-09', 'Car theft case initiated.', 'Banjara Hills, Hyderabad',
 'Physical', 'Knife recovered from crime scene.', '2023-01-10',
 'Committed theft from a residential premises.', 'Minor', '2023-01-06',
 '2023-01-11', 'Stay within city limits', '7000.00', 'Granted',
 'Tenant agrees to pay remaining dues and vacate premises.', '2023-01-13', 'TRUE',
 '2023-01-14', 'Adjourned.', 'Lawyer requested extension.',
 '2023-02-09', 'Sentencing too harsh.', 'Granted', 'High'),
(6, 'C-2024-006', '2024-02-15', 'Property', 'Ongoing',
 'Environmental', 'Cases related to environmental protection and regulation',
 'Guilty', '2024-04-15', 'Witness testimony strong.', '10000.00',
 '2023-02-05', '11:00:00', 'Medical testimony', 'In Progress',
 '2023-01-11', 'Illegal possession of arms reported.', 'Anna Nagar, Chennai',
 'Document', 'Affidavit of witness.', '2023-01-12',
 'Illegal possession of narcotics.', 'Felony', '2023-01-07',
 '2023-01-13', 'Weekly counseling sessions', '3000.00', 'Granted',
 'Both parties agree to joint custody of child.', '2023-01-15', 'TRUE',
 '2023-01-16', 'New evidence added.', 'Medical report submitted.',
 '2023-02-11', 'Violation of rights.', 'Pending', 'District'),
(7, 'C-2024-007', '2024-02-20', 'Labor', 'Closed',
 'Tax', 'Cases concerning tax evasion or disputes',
 'Dismissed', '2024-04-20', 'Technical error in filing.', '0.00',
 '2023-02-10', '10:45:00', 'Final hearing', 'Judgement Reserved',
 '2023-01-13', 'Minor assault complaint filed.', 'Sector 21, Chandigarh',
 'Digital', 'Email threats from accused.', '2023-01-14',
 'Accepting bribes in public office.', 'Major', '2023-01-08',
 '2023-01-15', 'Appear in all hearings', '8000.00', 'Granted',
 'Defendant to pay for damages and medical expenses.', '2023-01-17', 'TRUE',
 '2023-01-18', 'Next hearing scheduled.', 'Set for next month.',
 '2023-02-13', 'New witness testimony.', 'Granted', 'High'),
(8, 'C-2024-008', '2024-03-01', 'Criminal', 'Pending',
 'Property', 'Disputes over property ownership and transactions',
 'Guilty', '2024-04-25', 'Video evidence confirmed.', '8000.00',
 '2023-02-15', '09:30:00', 'Verdict announcement', 'Closed',
 '2023-01-15', 'Drug possession case.', 'Mansarovar, Jaipur',
 'Physical', 'Bag containing illegal substances.', '2023-01-16',
 'Unauthorized access to computer systems.', 'Major', '2023-01-09',
 '2023-01-17', 'Random drug tests', '5000.00', 'Granted',
 'Out-of-court agreement with NDA on incident.', '2023-01-19', 'TRUE',
 '2023-01-20', 'Case referred for mediation.', 'Mediation date fixed.',
 '2023-02-15', 'Case mishandled.', 'Dismissed', 'Supreme'),
(9, 'C-2024-009', '2024-03-05', 'Family', 'Ongoing',
 'Intellectual Property', 'Rights over creations of the mind like patents and trademarks',
 'Not Guilty', '2024-04-30', 'Alibi verified.', '0.00',
 '2023-02-20', '10:00:00', 'Settlement discussion', 'In Progress',
 '2023-01-17', 'Online scam reported.', 'Hazratganj, Lucknow',
 'Document', 'Photocopy of disputed property papers.', '2023-01-18',
 'Sharing obscene material online.', 'Minor', '2023-01-10',
 '2023-01-19', 'No access to disputed property', '6000.00', 'Granted',
 'Business partnership dissolved with asset split.', '2023-01-21', 'TRUE',
 '2023-01-22', 'Mediation failed.', 'Reverting to court trial.',
 '2023-02-17', 'Unlawful search claim.', 'Pending', 'High'),
(10, 'C-2024-010', '2024-03-10', 'Civil', 'Closed',
 'Cybercrime', 'Crimes committed using computers or networks',
 'Dismissed', '2024-05-01', 'Complaint withdrawn.', '0.00',
 '2023-02-25', '11:15:00', 'Court ruling on motion', 'Adjourned',
 '2023-01-19', 'Missing person report.', 'Thiruvanmiyur, Chennai',
 'Digital', 'IP logs and trace from ISP.', '2023-01-20',
 'Violation of Section 144 during protests.', 'Minor', '2023-01-11',
 '2023-01-21', 'Electronic monitoring', '20000.00', 'Granted',
 'Vehicle damage reimbursed by insurance.', '2023-01-23', 'TRUE',
 '2023-01-24', 'Judge reassigned.', 'New judge allocated.',
 '2023-02-19', 'False evidence presented.', 'Granted', 'High');

-- Inserts for Court_Personnel_UNF (first 10 rows)
INSERT INTO Court_Personnel_UNF (
    Court_ID, Person_ID, Court_Name, Court_Location, Jurisdiction_Level,
    Judge_Names, Judge_Designations, Judge_Experience_Years,
    Court_Staff_Names, Court_Staff_Roles, Court_Staff_Contacts,
    Court_Room_Numbers, Court_Room_Capacities, Court_Room_Availability_Statuses,
    Person_Names, Person_DOBs, Person_Contacts, Person_Addresses, Person_National_IDs,
    Lawyer_Names, Lawyer_Contacts, Lawyer_Specializations, Lawyer_Bar_Numbers, Lawyer_Experience_Years,
    Police_Station_Names, Police_Station_Locations, Police_Station_Codes, Police_Station_Contacts,
    Police_Officer_Badge_Numbers, Police_Officer_Ranks, Police_Officer_Departments,
    Petitioner_Filing_Dates, Petitioner_Legal_Rep_Names,
    Respondent_Response_Dates, Respondent_Legal_Rep_Names,
    Witness_Testimony_Dates, Witness_Types
) VALUES
(1, 1, 'Supreme Court of India', 'New Delhi', 'National',
 'Justice Arvind Rao', 'Chief Justice', '25',
 'Amit Desai', 'Clerk', '9001010001',
 'A-101', '50', 'Available',
 'Aarav Mehta', '1985-03-15', '9876543210', '12 MG Road, Delhi', 'IND0012345',
 'Nikhil Arora', '9871100011', 'Criminal', 'BRN001', '12',
 'Connaught Place Station', 'Delhi', 'PSDL001', '01123450001',
 'B1001', 'Sub Inspector', 'Criminal Investigation',
 '2023-01-15', 'Nikhil Arora',
 '2023-01-20', 'Rajat Mehra',
 '2023-01-22', 'Eyewitness'),
(2, 2, 'Delhi High Court', 'Delhi', 'State',
 'Justice Meera Das', 'Associate Judge', '18',
 'Nisha Sharma', 'Typist', '9001010002',
 'B-201', '60', 'Under Maintenance',
 'Priya Sharma', '1990-07-22', '9811122233', 'Flat 204, Green Apartments, Mumbai', 'IND0012346',
 'Sakshi Menon', '9822200022', 'Civil', 'BRN002', '8',
 'Bandra Station', 'Mumbai', 'PSMH002', '02233440002',
 'B1002', 'Inspector', 'Homicide',
 '2023-02-20', 'Sakshi Menon',
 '2023-02-25', 'Divya Pillai',
 '2023-02-14', 'Expert'),
(3, 3, 'Bombay High Court', 'Mumbai', 'State',
 'Justice Vikram Sinha', 'Senior Judge', '20',
 'Ravi Mehta', 'Bailiff', '9001010003',
 'C-301', '70', 'Occupied',
 'Rahul Khanna', '1978-11-03', '9898989898', '56 Park Street, Kolkata', 'IND0012347',
 'Manav Singh', '9813300033', 'Corporate', 'BRN003', '15',
 'Salt Lake Station', 'Kolkata', 'PSWB003', '03344550003',
 'B1003', 'Head Constable', 'Traffic',
 '2023-03-05', 'Manav Singh',
 '2023-03-10', 'Aisha Qureshi',
 '2023-03-01', 'Medical'),
(4, 4, 'Madras High Court', 'Chennai', 'State',
 'Justice Neelam Gupta', 'Judge', '12',
 'Sunita Rao', 'Stenographer', '9001010004',
 'D-401', '80', 'Occupied',
 'Sneha Kapoor', '1995-01-10', '9845612300', '22 Lake View, Bengaluru', 'IND0012348',
 'Aisha Qureshi', '9884400044', 'Family', 'BRN004', '10',
 'Indiranagar Station', 'Bengaluru', 'PSKA004', '08055660004',
 'B1004', 'Constable', 'Cyber Crime',
 '2023-04-18', 'Aisha Qureshi',
 '2023-04-22', 'Kunal Kapoor',
 '2023-03-15', 'Character'),
(5, 5, 'Calcutta High Court', 'Kolkata', 'State',
 'Justice Ramesh Iyer', 'Associate Judge', '16',
 'Manoj Yadav', 'Court Manager', '9001010005',
 'E-501', '100', 'Available',
 'Vikram Batra', '1980-06-27', '9823456789', '88 Civil Lines, Lucknow', 'IND0012349',
 'Rajat Mehra', '9835500055', 'Labor', 'BRN005', '6',
 'Hazratganj Station', 'Lucknow', 'PSUP005', '05226670005',
 'B1005', 'Inspector', 'Anti-Narcotics',
 '2023-05-25', 'Rajat Mehra',
 '2023-05-30', 'Anita Dube',
 '2023-04-10', 'Police'),
(6, 6, 'Allahabad High Court', 'Prayagraj', 'State',
 'Justice Fatima Rizvi', 'Judge', '10',
 'Kiran Bedi', 'Clerk', '9001010006',
 'A-103', '40', 'Available',
 'Anjali Desai', '1989-09-17', '9833011223', '9 Riverbank, Ahmedabad', 'IND0012350',
 'Divya Pillai', '9876600066', 'Environmental', 'BRN006', '9',
 'Navrangpura Station', 'Ahmedabad', 'PSGJ006', '07967780006',
 'B1006', 'Sub Inspector', 'General Duty',
 '2023-06-10', 'Divya Pillai',
 '2023-06-15', 'Rishi Deshpande',
 '2023-05-02', 'Eyewitness'),
(7, 7, 'Karnataka High Court', 'Bangalore', 'State',
 'Justice Kabir Khan', 'Judge', '8',
 'Ajay Singh', 'Typist', '9001010007',
 'B-203', '50', 'Occupied',
 'Rohan Verma', '1992-04-25', '9800223344', 'H No. 5, Sector 15, Chandigarh', 'IND0012351',
 'Kunal Kapoor', '9827700077', 'Tax', 'BRN007', '14',
 'Sector 17 Station', 'Chandigarh', 'PSCH007', '01726780007',
 'B1007', 'Inspector', 'White Collar Crime',
 '2023-07-12', 'Kunal Kapoor',
 '2023-07-18', 'Neelam Chauhan',
 '2023-06-18', 'Expert'),
(8, 8, 'Punjab & Haryana High Court', 'Chandigarh', 'State',
 'Justice Ananya Nair', 'Judge', '9',
 'Pooja Patel', 'Bailiff', '9001010008',
 'C-303', '60', 'Available',
 'Meena Iyer', '1975-12-12', '9870034567', 'B-77, Besant Nagar, Chennai', 'IND0012352',
 'Anita Dube', '9818800088', 'Property', 'BRN008', '7',
 'Adyar Station', 'Chennai', 'PSTN008', '04478890008',
 'B1008', 'Constable', 'Criminal Investigation',
 '2023-08-30', 'Anita Dube',
 '2023-08-31', 'Varun Tiwari',
 '2023-07-05', 'Forensic'),
(9, 9, 'Kerala High Court', 'Kochi', 'State',
 'Justice Mohan Lal', 'Senior Judge', '22',
 'Rahul Nair', 'Stenographer', '9001010009',
 'D-403', '70', 'Available',
 'Arjun Sinha', '1983-05-30', '9867554433', '4 Gariahat Road, Kolkata', 'IND0012353',
 'Rishi Deshpande', '9899900099', 'Intellectual Property', 'BRN009', '13',
 'Gariahat Station', 'Kolkata', 'PSWB009', '03388990009',
 'B1009', 'Sub Inspector', 'Cyber Crime',
 '2023-09-14', 'Rishi Deshpande',
 '2023-09-20', 'Jaya Iyer',
 '2023-07-25', 'Character'),
(10, 10, 'Gujarat High Court', 'Ahmedabad', 'State',
 'Justice Rekha Rathi', 'Judge', '14',
 'Priya Rathi', 'Court Manager', '9001010010',
 'E-503', '90', 'Occupied',
 'Neha Joshi', '1996-02-28', '9810111122', '3 Patel Nagar, Delhi', 'IND0012354',
 'Neelam Chauhan', '9801000100', 'Cybercrime', 'BRN010', '11',
 'Karol Bagh Station', 'Delhi', 'PSDL010', '01199000010',
 'B1010', 'Head Constable', 'Traffic',
 '2023-10-22', 'Neelam Chauhan',
 '2023-10-25', 'Harsh Verma',
 '2023-08-12', 'Eyewitness');

-- Inserts for Legal_Procedural_UNF (first 10 rows)
INSERT INTO Legal_Procedural_UNF (
    Act_ID, Case_ID, Act_Name, Section, Act_Description, Enactment_Year, Case_Numbers
) VALUES
(1, 1, 'Indian Penal Code', '302', 'Punishment for murder', 1860, 'C-2024-001'),
(2, 2, 'Indian Penal Code', '420', 'Cheating and dishonestly inducing delivery of property', 1860, 'C-2024-002'),
(3, 3, 'Indian Penal Code', '376', 'Punishment for rape', 1860, 'C-2024-003'),
(4, 4, 'Indian Penal Code', '307', 'Attempt to murder', 1860, 'C-2024-004'),
(5, 5, 'Indian Penal Code', '380', 'Theft in dwelling house', 1860, 'C-2024-005'),
(6, 6, 'Narcotic Drugs and Psychotropic Substances Act', '21', 'Punishment for possession of drugs', 1985, 'C-2024-006'),
(7, 7, 'Prevention of Corruption Act', '7', 'Public servant taking gratification other than legal remuneration', 1988, 'C-2024-007'),
(8, 8, 'Information Technology Act', '66', 'Computer related offenses', 2000, 'C-2024-008'),
(9, 9, 'Information Technology Act', '67', 'Publishing or transmitting obscene material in electronic form', 2000, 'C-2024-009'),
(10, 10, 'Code of Criminal Procedure', '144', 'Power to issue order in urgent cases of nuisance or apprehended danger', 1973, 'C-2024-010');

SHOW TABLES;

SELECT * FROM Case_Related_UNF;
SELECT * FROM Court_Personnel_UNF;
SELECT * FROM Legal_Procedural_UNF;
